-- Seed: fixed UUIDs so the data is stable across restarts and the down migration can clean up by ID.

-- Venues
INSERT INTO venues (id, name, city, country, capacity) VALUES
    ('a1000000-0000-0000-0000-000000000001', 'Indira Gandhi Arena',    'New Delhi',  'India', 12000),
    ('a1000000-0000-0000-0000-000000000002', 'Palace Grounds',         'Bengaluru',  'India',  8000);

-- Performers
INSERT INTO performers (id, name) VALUES
    ('b1000000-0000-0000-0000-000000000001', 'Arijit Singh'),
    ('b1000000-0000-0000-0000-000000000002', 'Neha Kakkar'),
    ('b1000000-0000-0000-0000-000000000003', 'A.R. Rahman');

-- Events
INSERT INTO events (id, venue_id, title, description, starts_at) VALUES
    (
        'c1000000-0000-0000-0000-000000000001',
        'a1000000-0000-0000-0000-000000000001',
        'Bollywood Night Live',
        'A spectacular live concert featuring top Bollywood playback singers performing chart-topping hits.',
        '2026-09-15 19:00:00+05:30'
    ),
    (
        'c1000000-0000-0000-0000-000000000002',
        'a1000000-0000-0000-0000-000000000002',
        'Rahman Unplugged',
        'An intimate acoustic evening with Oscar-winning composer A.R. Rahman and his ensemble.',
        '2026-10-04 18:30:00+05:30'
    );

-- Event → Performer links
INSERT INTO event_performers (event_id, performer_id) VALUES
    ('c1000000-0000-0000-0000-000000000001', 'b1000000-0000-0000-0000-000000000001'),
    ('c1000000-0000-0000-0000-000000000001', 'b1000000-0000-0000-0000-000000000002'),
    ('c1000000-0000-0000-0000-000000000002', 'b1000000-0000-0000-0000-000000000003');

-- Tickets for Bollywood Night Live (event 1) — Stalls, Balcony, VIP
INSERT INTO tickets (id, event_id, section, row, seat, price_cents) VALUES
    ('d1000000-0000-0000-0000-000000000001', 'c1000000-0000-0000-0000-000000000001', 'Stalls',   'A', '1',  150000),
    ('d1000000-0000-0000-0000-000000000002', 'c1000000-0000-0000-0000-000000000001', 'Stalls',   'A', '2',  150000),
    ('d1000000-0000-0000-0000-000000000003', 'c1000000-0000-0000-0000-000000000001', 'Stalls',   'A', '3',  150000),
    ('d1000000-0000-0000-0000-000000000004', 'c1000000-0000-0000-0000-000000000001', 'Balcony',  'B', '1',   80000),
    ('d1000000-0000-0000-0000-000000000005', 'c1000000-0000-0000-0000-000000000001', 'Balcony',  'B', '2',   80000),
    ('d1000000-0000-0000-0000-000000000006', 'c1000000-0000-0000-0000-000000000001', 'Balcony',  'B', '3',   80000),
    ('d1000000-0000-0000-0000-000000000007', 'c1000000-0000-0000-0000-000000000001', 'VIP',      'V', '1',  350000),
    ('d1000000-0000-0000-0000-000000000008', 'c1000000-0000-0000-0000-000000000001', 'VIP',      'V', '2',  350000);

-- Tickets for Rahman Unplugged (event 2) — Stalls, Balcony, Premium
INSERT INTO tickets (id, event_id, section, row, seat, price_cents) VALUES
    ('d1000000-0000-0000-0000-000000000011', 'c1000000-0000-0000-0000-000000000002', 'Stalls',   'A', '1',  200000),
    ('d1000000-0000-0000-0000-000000000012', 'c1000000-0000-0000-0000-000000000002', 'Stalls',   'A', '2',  200000),
    ('d1000000-0000-0000-0000-000000000013', 'c1000000-0000-0000-0000-000000000002', 'Stalls',   'A', '3',  200000),
    ('d1000000-0000-0000-0000-000000000014', 'c1000000-0000-0000-0000-000000000002', 'Balcony',  'B', '1',  100000),
    ('d1000000-0000-0000-0000-000000000015', 'c1000000-0000-0000-0000-000000000002', 'Balcony',  'B', '2',  100000),
    ('d1000000-0000-0000-0000-000000000016', 'c1000000-0000-0000-0000-000000000002', 'Premium',  'P', '1',  500000),
    ('d1000000-0000-0000-0000-000000000017', 'c1000000-0000-0000-0000-000000000002', 'Premium',  'P', '2',  500000);
